{"train loss": 0.27526891231536865, "epoch": 0, "_timestamp": 1657198757, "_runtime": 116, "_step": 1, "val_loss": 0.27526891231536865, "_wandb": {"runtime": 116}}